,Timestamp,s1,s2,s1_clean,s2_clean,l_force_lbs,l_force_N,r_force_lbs,r_force_N,athletes_name,protocol_name,protocol_type,leg,elapsed_time_sec
0,1701144864.70635,-662577,-1009564,-662577,-1009564,93.000941837217,445.8700221987581,121.15196102275928,580.8331236600864,huey,CMJ,double,both,0.0
1,1701144864.720653,-666056,-1005386,-666056,-1007126,93.42675751985722,447.911490211025,120.84917453008377,579.3814886815179,huey,CMJ,double,both,0.014302968978881836
2,1701144864.7334368,-669579,-101,-669579,-1004688,93.85795862648025,449.97877730709183,120.54638803740825,577.9298537029493,huey,CMJ,double,both,0.027086734771728516
3,1701144864.748023,-672992,-998537,-672992,-1002250,94.27569617314629,451.98151669365905,120.24360154473273,576.4782187243809,huey,CMJ,double,both,0.04167294502258301
4,1701144864.762418,-678309,-999812,-678309,-999812,94.92647570306812,455.1015182519296,119.94081505205722,575.0265837458124,huey,CMJ,double,both,0.05606794357299805
5,1701144864.776722,-679925,-1001360,-679925,-1001360,95.1242676384365,456.0497827842157,120.13306832960508,575.9482945525491,huey,CMJ,double,both,0.07037186622619629
6,1701144864.7909179,-681131,-1002817,-681131,-1002817,95.27187721396514,456.7574603992758,120.31401989639271,576.815822101267,huey,CMJ,double,both,0.08456778526306152
7,1701144864.805208,-682431,-1002565,-682431,-1002565,95.43099201345703,457.5202969660901,120.2827228512105,576.6657761559843,huey,CMJ,double,both,0.09885787963867188
8,1701144864.819427,-686977,-1001644,-686977,-1001644,95.98740422768023,460.1878777605039,120.16833960274694,576.117393951201,huey,CMJ,double,both,0.11307692527770996
9,1701144864.833628,-689829,-1001030,-689829,-1001030,96.33647761856552,461.8614238286227,120.09208410377123,575.7518058146788,huey,CMJ,double,both,0.12727785110473633
10,1701144864.847918,-692857,-1003121,-692857,-1003121,96.70709270538202,463.638246231941,120.35177506200934,576.9968299082747,huey,CMJ,double,both,0.14156794548034668
11,1701144864.862164,-695515,-1005925,-695515,-1005925,97.03242127234314,465.19795361239676,120.70001678697331,578.6663887597538,huey,CMJ,double,both,0.15581393241882324
12,1701144864.876364,-700356,-1009932,-700356,-1009932,97.62494030645102,468.0386396277415,121.19766464429522,581.0522383738326,huey,CMJ,double,both,0.1700139045715332
13,1701144864.8906372,-701681,-1013522,-701681,-1013522,97.78711500593315,468.816146128533,121.64352334351798,583.1897976736934,huey,CMJ,double,both,0.18428707122802734
14,1701144864.90496,-702606,-1017215,-702606,-1017215,97.90033130557161,469.35893368568935,122.10217408898586,585.3886852765866,huey,CMJ,double,both,0.1986098289489746
15,1701144864.9191449,-702952,-1018149,-702952,-1018149,97.94268032143638,469.5619655719338,122.21817186755803,585.944807946801,huey,CMJ,double,both,0.21279478073120117
16,1701144864.93344,-703251,-1019192,-703251,-1019192,97.97927672531951,469.73741798230105,122.34770686011774,586.5658314425546,huey,CMJ,double,both,0.22708988189697266
17,1701144864.947891,-703702,-1017109,-703702,-1017109,98.03447732114324,470.00206359124974,122.08900945886954,585.325570712301,huey,CMJ,double,both,0.24154090881347656
18,1701144864.9621131,-703612,-1014082,-703612,-1014082,98.02346168117842,469.94925182893184,121.71307233281179,583.5232331076551,huey,CMJ,double,both,0.25576305389404297
19,1701144864.976483,-701439,-1009957,-701439,-1009957,97.75749517402774,468.67414116763376,121.20076950988869,581.0671238842773,huey,CMJ,double,both,0.27013301849365234
20,1701144864.9905448,-699712,-1005469,-699712,-1005469,97.54611728270274,467.6607421284889,120.64338403854836,578.3948770492423,huey,CMJ,double,both,0.2841947078704834
21,1701144865.0047731,-698290,-993718,-698290,-993718,97.37207017125853,466.8263162838658,119.18397301499215,571.3980917198089,huey,CMJ,double,both,0.29842305183410645
22,1701144865.019132,-696521,-988087,-696521,-988087,97.15555164794993,465.7882717556392,118.48463308871823,568.0452793472416,huey,CMJ,double,both,0.31278181076049805
23,1701144865.03347,-692822,-982330,-692822,-982330,96.7028088453957,463.61770832437287,117.76964463985318,564.6174440020329,huey,CMJ,double,both,0.3271198272705078
24,1701144865.0478048,-691623,-971156,-691623,-971156,96.55605604186434,462.9141382908265,116.38189391419435,557.9642162536637,huey,CMJ,double,both,0.34145474433898926
25,1701144865.0620852,-691328,-965277,-691328,-965277,96.51994922197963,462.74103306989554,115.65175372123316,554.4637396174847,huey,CMJ,double,both,0.35573506355285645
26,1701144865.076465,-691831,-959477,-691831,-959477,96.58151440978304,463.0361921415168,114.93142490354735,551.0103011943112,huey,CMJ,double,both,0.370114803314209
27,1701144865.090836,-695291,-955205,-695291,-955205,97.00500456843069,465.06651100396107,114.40086547093463,548.4666651695185,huey,CMJ,double,both,0.38448596000671387
28,1701144865.105024,-696382,-946722,-696382,-946722,97.13853860400427,465.70670692272597,113.34732247775726,543.4157137654182,huey,CMJ,double,both,0.39867401123046875
29,1701144865.119591,-697126,-940130,-697126,-940130,97.22960122771347,466.1432841578874,112.52863151807021,539.4907023713561,huey,CMJ,double,both,0.413240909576416
30,1701144865.133995,-697738,-933209,-697738,-933209,97.30450757947428,466.50240414164927,111.66908052717307,535.3697976598415,huey,CMJ,double,both,0.4276449680328369
31,1701144865.148768,-704567,-919238,-704567,-919238,98.14034986080516,470.5096433068608,109.93395743891642,527.0511790029177,huey,CMJ,double,both,0.44241786003112793
32,1701144865.162636,-709739,-913473,-709739,-913473,98.77338197078367,473.5445592480637,109.21797543306148,523.6185802943668,huey,CMJ,double,both,0.4562859535217285
33,1701144865.176917,-715321,-908549,-715321,-908549,99.45659644060194,476.82006210649257,108.60644110577097,520.6867301571758,huey,CMJ,double,both,0.470566987991333
34,1701144865.1913202,-724540,-902913,-724540,-902913,100.58496516099868,482.2297469599243,107.90648020637835,517.3309406825197,huey,CMJ,double,both,0.4849700927734375
35,1701144865.205368,-729034,-888164,-729034,-888164,101.13501278324219,484.8668142916655,106.07473370085282,508.54908494055627,huey,CMJ,double,both,0.49901795387268066
36,1701144865.220021,-732976,-879720,-732976,-879720,101.61749781370146,487.1799694811902,105.02603429800128,503.5213549327498,huey,CMJ,double,both,0.5136709213256836
37,1701144865.234269,-735567,-872547,-735567,-872547,101.93462584868877,488.7003614385871,104.1351862619219,499.25040427595246,huey,CMJ,double,both,0.527918815612793
38,1701144865.248658,-738974,-865591,-738974,-865591,102.35162901935713,490.6995800409997,103.27128845919388,495.1086598498153,huey,CMJ,double,both,0.5423078536987305
39,1701144865.263145,-740053,-865889,-740053,-865889,102.4836943029354,491.3327343914556,103.30829845706809,495.2860951343163,huey,CMJ,double,both,0.5567948818206787
40,1701144865.277347,-741728,-867838,-741728,-867838,102.68870760228073,492.3156199679279,103.55035377873527,496.44656952858617,huey,CMJ,double,both,0.5709969997406006
41,1701144865.2914271,-743849,-870391,-743849,-870391,102.94830951745173,493.5602171665534,103.86742265314076,497.9666778552004,huey,CMJ,double,both,0.5850770473480225
42,1701144865.306015,-746968,-875022,-746968,-875022,103.33006264023267,495.39043812954867,104.44256795567577,500.72406980997914,huey,CMJ,double,both,0.5996649265289307
43,1701144865.32013,-748262,-875667,-748262,-875667,103.4884430637269,496.1497539122085,104.52267348798738,501.10811597945275,huey,CMJ,double,both,0.6137800216674805
44,1701144865.334538,-749666,-874928,-749666,-874928,103.66028704717816,496.973617404368,104.43089366104431,500.668100290707,huey,CMJ,double,both,0.628187894821167
45,1701144865.348812,-753096,-871079,-753096,-871079,104.08010532583754,498.9863323460396,103.95286855427315,498.37632710263887,huey,CMJ,double,both,0.6424620151519775
46,1701144865.3632178,-755864,-869288,-755864,-869288,104.41889745275566,500.61058743599506,103.73043598315672,497.3099291343796,huey,CMJ,double,both,0.6568677425384521
47,1701144865.377478,-759012,-868081,-759012,-868081,104.80420005952526,502.4578255224039,103.58053307230384,496.5912566901088,huey,CMJ,double,both,0.6711277961730957
48,1701144865.391885,-763028,-867907,-763028,-867907,105.2957423939556,504.8144037165011,103.55892320777326,496.4876535374136,huey,CMJ,double,both,0.6855349540710449
49,1701144865.406157,-772355,-869386,-772355,-869386,106.43732988231012,510.2874626847143,103.74260705628313,497.3682803353228,huey,CMJ,double,both,0.6998069286346436
50,1701144865.420467,-776798,-870840,-776798,-870840,106.98113530857358,512.8946033511421,103.92318603919955,498.23402162278745,huey,CMJ,double,both,0.7141168117523193
51,1701144865.434881,-781231,-871544,-781231,-871544,107.52371677484093,515.4958760439789,104.01061905431176,498.65319759691056,huey,CMJ,double,both,0.7285308837890625
52,1701144865.449246,-785175,-869959,-785175,-869959,108.00644659729942,517.8102048282218,103.81377057568555,497.70945623471573,huey,CMJ,double,both,0.7428958415985107
53,1701144865.4636312,-793209,-868161,-793209,-868161,108.98977605815932,522.5245348111343,103.59046864220295,496.63889032353194,huey,CMJ,double,both,0.7572810649871826
54,1701144865.4779048,-796689,-866385,-796689,-866385,109.41571413679915,524.5665896207603,103.3698989904426,495.5814236615395,huey,CMJ,double,both,0.771554708480835
55,1701144865.4922712,-800012,-865355,-800012,-865355,109.82243604350036,526.5165172450096,103.2419785279915,494.96814063121724,huey,CMJ,double,both,0.7859210968017578
56,1701144865.506581,-806038,-869554,-806038,-869554,110.55999433714508,530.0525581308735,103.76347175307129,497.46831096551136,huey,CMJ,double,both,0.8002309799194336
57,1701144865.520948,-808399,-873329,-808399,-873329,110.84897129222229,531.4379866956801,104.23230645768575,499.71602304266315,huey,CMJ,double,both,0.8145978450775146
58,1701144865.5352461,-809389,-876556,-809389,-876556,110.97014333183535,532.0189160811772,104.63308250849128,501.6374447308668,huey,CMJ,double,both,0.8288960456848145
59,1701144865.5495942,-808777,-878606,-808777,-878606,110.89523698007454,531.6597960974153,104.8876814871561,502.8580565873333,huey,CMJ,double,both,0.8432440757751465
60,1701144865.5640929,-805719,-878664,-805719,-878664,110.52095001326977,529.8653697733245,104.89488477533295,502.892590971565,huey,CMJ,double,both,0.8577427864074707
61,1701144865.57836,-803950,-878720,-803950,-878720,110.30443148996119,528.8273252450979,104.90183967426235,502.9259345149612,huey,CMJ,double,both,0.8720099925994873
62,1701144865.592795,-802576,-878538,-802576,-878538,110.13625938649821,528.0210656737111,104.87923625274186,502.8175679989237,huey,CMJ,double,both,0.8864448070526123
63,1701144865.607091,-801397,-879368,-801397,-879368,109.99195450295903,527.3292315873464,104.98231779044517,503.3117669456882,huey,CMJ,double,both,0.9007408618927002
64,1701144865.6213708,-797148,-879510,-797148,-879510,109.47189390061976,524.8359296085818,104.9999534270161,503.39631664501417,huey,CMJ,double,both,0.9150207042694092
65,1701144865.6356301,-794125,-879456,-794125,-879456,109.1018907938013,523.0620411920588,104.99324691733419,503.36416394245356,huey,CMJ,double,both,0.9292800426483154
66,1701144865.650194,-790203,-877987,-790203,-877987,108.62185368333422,520.760621949716,104.8108050150617,502.4894913487222,huey,CMJ,double,both,0.9438438415527344
67,1701144865.664437,-782187,-877491,-782187,-877491,107.64072735046729,516.056854319267,104.74920448168719,502.19416282149905,huey,CMJ,double,both,0.9580869674682617
68,1701144865.678705,-779371,-877767,-779371,-877767,107.29606021556792,514.4044329560753,104.78348219783913,502.3584988568087,huey,CMJ,double,both,0.9723548889160156
69,1701144865.6931462,-776913,-878226,-776913,-878226,106.99521084852863,512.9620850474372,104.8404875301353,502.63179682857367,huey,CMJ,double,both,0.9867961406707764
70,1701144865.707438,-774702,-879113,-774702,-879113,106.7245932933928,511.6646760864937,104.95064816139174,503.1599347391521,huey,CMJ,double,both,1.0010879039764404
71,1701144865.7218182,-771786,-879603,-771786,-879603,106.36768655853253,509.95357498739327,105.01150352702382,503.4516907438685,huey,CMJ,double,both,1.0154681205749512
72,1701144865.73618,-770272,-880936,-770272,-880936,106.18237901512427,509.0651637857341,105.17705496046781,504.24538616078064,huey,CMJ,double,both,1.029829978942871
73,1701144865.7505898,-768294,-885377,-768294,-885377,105.94027972789738,507.9044786094582,105.72860328449242,506.8896482361796,huey,CMJ,double,both,1.0442397594451904
74,1701144865.764801,-766289,-888332,-766289,-888332,105.69487574868103,506.7279499044868,106.09559839764097,508.64911557074475,huey,CMJ,double,both,1.0584509372711182
75,1701144865.779124,-762770,-891190,-762770,-891190,105.26416422605644,504.66300999785636,106.45054663228683,510.3508271247844,huey,CMJ,double,both,1.0727739334106445
76,1701144865.793762,-760764,-894042,-760764,-894042,105.01863785084049,503.485894495526,106.80474969919027,512.0489661563173,huey,CMJ,double,both,1.087411880493164
77,1701144865.8079271,-759159,-897928,-759159,-897928,104.8221922714678,502.5440847341898,107.28737000703977,514.3627698998437,huey,CMJ,double,both,1.1015770435333252
78,1701144865.82229,-759051,-898451,-759051,-898451,104.80897350351002,502.48071061940834,107.35232379525523,514.6741747783472,huey,CMJ,double,both,1.1159398555755615
79,1701144865.836568,-760602,-899223,-760602,-899223,104.9988096989038,503.3908333233537,107.44820204478168,515.1338393408798,huey,CMJ,double,both,1.1302180290222168
80,1701144865.850878,-762353,-901558,-762353,-901558,105.21312509421942,504.4183154991167,107.7381964912121,516.5241460164161,huey,CMJ,double,both,1.1445279121398926
81,1701144865.8652859,-764012,-902897,-764012,-902897,105.416180057571,505.3918123178436,107.90449309239852,517.321413955835,huey,CMJ,double,both,1.158935785293579
82,1701144865.879532,-767083,-904133,-767083,-904133,105.7920581723707,507.1938670076027,108.05799764733985,518.0573535922216,huey,CMJ,double,both,1.1731820106506348
83,1701144865.894034,-768177,-904941,-768177,-904941,105.92595939594311,507.8358233184449,108.1583469033209,518.5384532897948,huey,CMJ,double,both,1.1876838207244873
84,1701144865.90816,-769052,-905936,-769052,-905936,106.03305589560111,508.34927100764685,108.28192055394113,519.1308966054944,huey,CMJ,double,both,1.2018098831176758
85,1701144865.922558,-769693,-905836,-769693,-905836,106.11151173135057,508.7254081148222,108.26950109156725,519.0713545637155,huey,CMJ,double,both,1.2162079811096191
86,1701144865.936857,-771604,-905535,-771604,-905535,106.34541048660365,509.8467778680392,108.23211850982183,518.8921330179612,huey,CMJ,double,both,1.2305068969726562
87,1701144865.9511611,-771701,-903953,-771701,-903953,106.35728289856574,509.9036972118708,108.03564261506683,517.9501779170197,huey,CMJ,double,both,1.2448110580444336
88,1701144865.9654589,-771704,-902915,-771704,-902915,106.35765008656458,509.9054576039481,107.90672859562582,517.3321315233552,huey,CMJ,double,both,1.2591087818145752
89,1701144865.979887,-771701,-902272,-771701,-902272,106.35728289856574,509.9036972118708,107.82687145256169,516.9492761947172,huey,CMJ,double,both,1.2735369205474854
90,1701144865.994174,-771582,-901622,-771582,-901622,106.34271777461225,509.83386832613934,107.74614494713138,516.5622529231546,huey,CMJ,double,both,1.2878239154815674
91,1701144866.008496,-771957,-900884,-771957,-900884,106.38861627446569,510.05391733579734,107.65448931481205,516.1228326548267,huey,CMJ,double,both,1.3021459579467773
92,1701144866.022957,-772307,-900549,-772307,-900549,106.43145487432889,510.2592964114781,107.61288411585952,515.9233668148676,huey,CMJ,double,both,1.3166069984436035
93,1701144866.037171,-772161,-899967,-772161,-899967,106.41358505838596,510.17362399705127,107.54060284484345,515.5768321317146,huey,CMJ,double,both,1.3308207988739014
94,1701144866.0515552,-772658,-898642,-772658,-898642,106.4744158701917,510.46526228451796,107.37604496838937,514.7879000781447,huey,CMJ,double,both,1.3452050685882568
95,1701144866.065875,-773316,-898026,-773316,-898026,106.55495243793452,510.8513749467978,107.29954108016618,514.421121100787,huey,CMJ,double,both,1.3595249652862549
96,1701144866.080737,-773673,-897708,-773673,-897708,106.59864780979498,511.0608616039922,107.2600471898172,514.2317774079302,huey,CMJ,double,both,1.3743870258331299
97,1701144866.094732,-773599,-896747,-773599,-896747,106.5895905058239,511.0174385994197,107.14069615640409,513.6595783864354,huey,CMJ,double,both,1.3883819580078125
98,1701144866.1089,-773586,-893651,-773586,-893651,106.58799935782899,511.0098102337516,106.75618960130835,511.8161567729621,huey,CMJ,double,both,1.4025499820709229
99,1701144866.123233,-773108,-892083,-773108,-892083,106.52949407001582,510.7293210961075,106.5614524312857,510.8825375578696,huey,CMJ,double,both,1.4168829917907715
100,1701144866.13754,-772455,-890892,-772455,-890892,106.44956948227104,510.3461424206231,106.41353663441264,510.17339184028344,huey,CMJ,double,both,1.431190013885498
101,1701144866.151914,-771662,-888936,-771662,-888936,106.352509454581,509.8808121148664,106.17061195037928,509.00874950308906,huey,CMJ,double,both,1.445563793182373
102,1701144866.166122,-772825,-888328,-772825,-888328,106.49485600212643,510.5632574434856,106.095101619146,508.6467338890736,huey,CMJ,double,both,1.4597718715667725
103,1701144866.180745,-774864,-887432,-774864,-887432,106.74442144532948,511.75973725866595,105.98382323627592,508.11323719473506,huey,CMJ,double,both,1.4743947982788086
104,1701144866.194895,-778605,-887100,-778605,-887100,107.20230487986731,513.954946179014,105.9425906211946,507.9155576160293,huey,CMJ,double,both,1.4885449409484863
105,1701144866.209175,-781042,-887048,-781042,-887048,107.5005839309148,515.3849713431113,105.93613250076018,507.8845957543043,huey,CMJ,double,both,1.5028250217437744
106,1701144866.2237508,-783195,-886735,-783195,-886735,107.7641025180733,516.6483460572276,105.89725958352989,507.69822916353644,huey,CMJ,double,both,1.5174007415771484
107,1701144866.237856,-785099,-885913,-785099,-885913,107.99714450132912,517.765608228931,105.79517160281648,507.2087935801142,huey,CMJ,double,both,1.531505823135376
108,1701144866.2523031,-789067,-882675,-789067,-882675,108.48281182777822,520.094020149792,105.39302941114983,505.28082226731493,huey,CMJ,double,both,1.5459530353546143
109,1701144866.2665448,-790665,-880945,-790665,-880945,108.67840063515365,521.0317223296146,105.17817271208146,504.2507449445407,huey,CMJ,double,both,1.560194730758667
110,1701144866.2810109,-792794,-879455,-792794,-878785,108.93898171832153,522.2810139071129,104.90991232480538,502.9646368421175,huey,CMJ,double,both,1.5746607780456543
111,1701144866.293872,-794682,-101,-794682,-876626,109.1700653655836,523.3888873210708,104.64177613215301,501.679124160112,huey,CMJ,double,both,1.587522029876709
112,1701144866.308335,-797679,-874243,-797679,-874466,109.53688617641221,525.1475190062574,104.37351574487693,500.3930160576887,huey,CMJ,double,both,1.601984977722168
113,1701144866.3229709,-799336,-872307,-799336,-872307,109.73969634776458,526.1198422302662,104.10537955222456,499.1075033756832,huey,CMJ,double,both,1.6166207790374756
114,1701144866.337007,-800828,-870302,-800828,-870302,109.92231117918142,526.9953438900253,103.856369331628,497.9136854380172,huey,CMJ,double,both,1.6306569576263428
115,1701144866.351464,-802166,-866805,-802166,-866805,110.08607702665846,527.780478756485,103.42206073241296,495.83150023701063,huey,CMJ,double,both,1.6451139450073242
116,1701144866.365694,-804507,-865371,-804507,-865371,110.37260606174348,529.1541713741099,103.24396564197133,494.97766735790185,huey,CMJ,double,both,1.659343957901001
117,1701144866.3803048,-805358,-864326,-805358,-864326,110.47676505741087,529.6535359266937,103.11418226016414,494.3554530213128,huey,CMJ,double,both,1.673954725265503
118,1701144866.394495,-806494,-863618,-806494,-863618,110.61580691296686,530.3201377266176,103.02625246655697,493.9338953655185,huey,CMJ,double,both,1.6881449222564697
119,1701144866.408684,-807527,-862691,-807527,-862691,110.74224198056311,530.9262993985554,102.91112405035098,493.3819406382285,huey,CMJ,double,both,1.702333927154541
120,1701144866.423223,-809293,-862414,-809293,-862414,110.95839331587287,531.9625835347048,102.8767221395753,493.21700918250116,huey,CMJ,double,both,1.7168729305267334
121,1701144866.4373918,-809856,-861892,-809856,-861892,111.02730226365281,532.2929504478712,102.81189254598358,492.9061997244155,huey,CMJ,double,both,1.731041669845581
122,1701144866.451985,-809756,-860754,-809756,-860754,111.01506266369191,532.2342707119625,102.67055906416867,492.2286112889721,huey,CMJ,double,both,1.7456347942352295
123,1701144866.466018,-806940,-859960,-806940,-859960,110.67039552879254,530.5818493487708,102.57194853291996,491.75584747724804,huey,CMJ,double,both,1.7596678733825684
124,1701144866.480418,-804952,-858838,-804952,-858838,110.42707228156955,529.415296198904,102.43260216508487,491.08778576848925,huey,CMJ,double,both,1.7740678787231445
125,1701144866.494726,-803045,-857840,-803045,-857840,110.1936631103149,528.2962736351233,102.30865593059342,490.49355619153624,huey,CMJ,double,both,1.7883758544921875
126,1701144866.5093088,-802010,-856738,-802010,-856738,110.06698325071943,527.6889383684672,102.17179345523311,489.83740289113325,huey,CMJ,double,both,1.8029587268829346
127,1701144866.523511,-799670,-857263,-799670,-857263,109.78057661163403,526.3158325482015,102.23699563269605,490.14999861047227,huey,CMJ,double,both,1.8171608448028564
128,1701144866.537712,-798353,-858029,-798353,-858029,109.61938108014878,525.5430204262827,102.33212871448008,490.6060906504983,huey,CMJ,double,both,1.831362009048462
129,1701144866.5521002,-796811,-857787,-796811,-857787,109.43064644875147,524.6381788985691,102.30207361553526,490.4619989093935,huey,CMJ,double,both,1.845750093460083
130,1701144866.5663471,-795066,-856428,-795066,-856428,109.2170654294335,523.6142175069606,102.13329312187405,489.65282256161885,huey,CMJ,double,both,1.859997034072876
131,1701144866.580728,-790287,-854382,-790287,-854382,108.63213494730138,520.8099129278793,101.8791909217042,488.43459238682345,huey,CMJ,double,both,1.874377965927124
132,1701144866.59498,-787496,-852221,-787496,-852221,108.29052771239225,519.1721614986649,101.61080633980436,487.1478888639824,huey,CMJ,double,both,1.8886299133300781
133,1701144866.609364,-784113,-847903,-784113,-847903,107.8764620457145,517.1870260328703,101.07453395449964,484.5768634999714,huey,CMJ,double,both,1.9030139446258545
134,1701144866.6236732,-777714,-845848,-777714,-845848,107.09325004421557,513.4321097320667,100.81931400271614,483.353274541416,huey,CMJ,double,both,1.917323112487793
135,1701144866.638197,-775197,-843885,-775197,-843885,106.78517931319934,511.9551407792423,100.57551995631661,482.184464261297,huey,CMJ,double,both,1.9318468570709229
136,1701144866.652375,-773106,-840736,-773106,-840736,106.52924927801661,510.7281475013894,100.18443108616272,480.3094853656809,huey,CMJ,double,both,1.9460248947143555
137,1701144866.666757,-771089,-838315,-771089,-838315,106.28237654680495,509.544577228109,99.88375590209075,478.8679725342148,huey,CMJ,double,both,1.960407018661499
138,1701144866.681317,-764574,-834640,-764574,-834640,105.48496660935135,505.72159243365104,99.42734065985017,476.67980249884187,huey,CMJ,double,both,1.9749670028686523
139,1701144866.695562,-761578,-830452,-761578,-830452,105.11826819452233,503.96354754582353,98.90721357563153,474.18618178914346,huey,CMJ,double,both,1.9892117977142334
140,1701144866.709846,-759005,-823205,-759005,-823205,104.803343287528,502.4537179408903,98.00717513739548,469.8711700214298,huey,CMJ,double,both,2.003495931625366
141,1701144866.7240682,-756312,-821805,-756312,-821805,104.47373086058056,500.87347265286644,97.83330266416097,469.03758143652584,huey,CMJ,double,both,2.0177180767059326
142,1701144866.738545,-751798,-821893,-751798,-821893,103.92123531834486,498.22466937394347,97.84423179104999,469.0899784332912,huey,CMJ,double,both,2.0321948528289795
143,1701144866.754349,-751517,-825618,-751517,-825618,103.88684204245469,498.05977931603974,98.30685676447752,471.30791948955357,huey,CMJ,double,both,2.0479989051818848
144,1701144866.767222,-751437,-826505,-751437,-826505,103.87705036248596,498.01283552731275,98.41701739573395,471.836057400132,huey,CMJ,double,both,2.0608718395233154
145,1701144866.781782,-749555,-826657,-749555,-826657,103.64670109122154,496.90848289750926,98.43589497854228,471.92656130363594,huey,CMJ,double,both,2.0754318237304688
146,1701144866.795852,-748051,-826688,-748051,-826688,103.46261750780938,496.02593966944096,98.43974501187819,471.9450193365874,huey,CMJ,double,both,2.0895018577575684
147,1701144866.8103528,-746342,-826880,-746342,-826880,103.25344274447734,495.0231029827596,98.46359037963606,472.05934005680274,huey,CMJ,double,both,2.1040027141571045
148,1701144866.824644,-745140,-827208,-745140,-827208,103.10632275294715,494.317772557136,98.50432621622242,472.25463795383735,huey,CMJ,double,both,2.1182940006256104
149,1701144866.840163,-745046,-827284,-745046,-827284,103.09481752898388,494.26261360538166,98.51376500762659,472.29988990558934,huey,CMJ,double,both,2.13381290435791
150,1701144866.85313,-746648,-830374,-746648,-830374,103.29089592035774,495.20266297464053,98.89752639497989,474.13973899655593,huey,CMJ,double,both,2.146780014038086
151,1701144866.867358,-748873,-832776,-748873,-832776,103.5632270194881,496.5082870986112,99.1958418812008,475.56993884008403,huey,CMJ,double,both,2.161007881164551
152,1701144866.882177,-750814,-834430,-750814,-834430,103.80079765472945,497.64726077260093,99.401259788865,476.5547642111063,huey,CMJ,double,both,2.1758270263671875
153,1701144866.896239,-753153,-834707,-753153,-834707,104.08708189781525,499.01977979550765,99.43566169964069,476.71969566683373,huey,CMJ,double,both,2.1898889541625977
154,1701144866.910856,-754304,-832285,-754304,-832285,104.22795969336539,499.6951835558179,99.13486232094499,475.27758741494983,huey,CMJ,double,both,2.2045059204101562
155,1701144866.9249148,-754872,-831161,-754872,-831161,104.29748062114338,500.0284844557798,98.99526756386243,474.6083348653555,huey,CMJ,double,both,2.218564748764038
156,1701144866.939348,-757374,-832005,-757374,-832005,104.60371541216547,501.49665144821785,99.1000878262981,475.11086969796906,huey,CMJ,double,both,2.2329978942871094
157,1701144866.953661,-760504,-834213,-760504,-834213,104.98681489094211,503.33332718216315,99.37430955551365,476.4255579804462,huey,CMJ,double,both,2.2473108768463135
158,1701144866.967916,-762824,-832360,-762824,-832360,105.27077361003533,504.69469705524716,99.1441769177254,475.32224394628395,huey,CMJ,double,both,2.261565923690796
159,1701144866.982474,-763879,-828562,-763879,-828562,105.39990138962298,505.3137682690849,98.67248573676494,473.06083719952306,huey,CMJ,double,both,2.2761240005493164
160,1701144866.9966662,-764056,-824484,-764056,-824484,105.4215654815538,505.41763140164346,98.16602006115757,470.63271273578135,huey,CMJ,double,both,2.290316104888916
161,1701144867.0110688,-764167,-823227,-764167,-823227,105.43515143751043,505.4827659085023,98.00990741911774,469.8842692706212,huey,CMJ,double,both,2.3047187328338623
162,1701144867.025341,-764994,-824263,-764994,-824263,105.53637292918718,505.96804732446793,98.13857304931126,470.5011248234501,huey,CMJ,double,both,2.31899094581604
163,1701144867.039707,-766051,-824257,-766051,-824257,105.66574550077405,506.5882921330239,98.13782788156884,470.49755230094337,huey,CMJ,double,both,2.3333568572998047
164,1701144867.053985,-770224,-827991,-770224,-827991,106.17650400714304,509.0369975124979,98.60157060661001,472.7208521409658,huey,CMJ,double,both,2.34763503074646
165,1701144867.0683122,-774167,-827032,-774167,-827032,106.65911143360191,511.3507394993817,98.48246796244437,472.1498439603066,huey,CMJ,double,both,2.361962080001831
166,1701144867.0827541,-776715,-823510,-776715,-823510,106.97097644060602,512.8458991703378,98.04505449763585,470.0527732488553,huey,CMJ,double,both,2.376404047012329
167,1701144867.0970502,-777335,-820593,-777335,-820593,107.04686196036369,513.2097135329723,97.68277878018938,468.3159318901661,huey,CMJ,double,both,2.390700101852417
168,1701144867.11142,-782657,-821240,-782657,-821240,107.69825347028357,516.3326490780382,97.76313270174848,468.7011689004753,huey,CMJ,double,both,2.4050698280334473
169,1701144867.125731,-787871,-823803,-787871,-823803,108.33642621224568,519.3922105083228,98.08144352239135,470.22723143126734,huey,CMJ,double,both,2.4193809032440186
170,1701144867.1401348,-790991,-824789,-790991,-824789,108.71830173102623,521.2230182686773,98.20389942139795,470.81431596320687,huey,CMJ,double,both,2.4337847232818604
171,1701144867.154409,-790043,-821683,-790043,-821683,108.60227032339675,520.6667343722619,97.81815092006482,468.96494014555566,huey,CMJ,double,both,2.448058843612671
172,1701144867.168858,-787882,-821159,-787882,-821159,108.33777256824138,519.3986652792728,97.75307293722562,468.65293984663447,huey,CMJ,double,both,2.462507963180542
173,1701144867.183135,-786451,-825376,-786451,-825376,108.1626238928007,518.558958258418,98.2768016655327,471.16382774844874,huey,CMJ,double,both,2.4767849445343018
174,1701144867.197462,-786301,-834597,-786301,-834597,108.14426449285932,518.4709386545547,99.4220002910294,476.654199420877,huey,CMJ,double,both,2.491111993789673
175,1701144867.212138,-793314,-849689,-793314,-849689,109.00262763811828,522.5861485338386,101.29634555249737,485.64028436614177,huey,CMJ,double,both,2.5057878494262695
176,1701144867.22618,-799411,-854830,-799411,-854830,109.74887604773527,526.1638520321977,101.93483011313923,488.7013407339927,huey,CMJ,double,both,2.5198299884796143
177,1701144867.240695,-806709,-862126,-806709,-862126,110.64212205288283,530.4462991588215,102.84095408793848,493.04552810217797,huey,CMJ,double,both,2.5343449115753174
178,1701144867.2549372,-813253,-883610,-813253,-883610,111.4430814743251,534.286301076693,105.50915138434573,505.83754035794726,huey,CMJ,double,both,2.5485870838165283
179,1701144867.2691998,-822921,-895427,-822921,-895427,112.62640599854635,539.9594579443552,106.97675925306869,512.8736234349545,huey,CMJ,double,both,2.562849760055542
180,1701144867.283453,-824601,-905957,-824601,-905957,112.83203127788971,540.945277507623,108.28452864103966,519.143400434268,huey,CMJ,double,both,2.5771028995513916
181,1701144867.297971,-823666,-914975,-823666,-914975,112.71759101825516,540.3966219768757,109.40451575791735,524.5129017618851,huey,CMJ,double,both,2.591620922088623
182,1701144867.312448,-819905,-937930,-819905,-937930,112.25725966372515,538.189677109346,112.25540334584456,538.1807774522213,huey,CMJ,double,both,2.606097936630249
183,1701144867.326594,-817091,-952152,-817091,-952152,111.912837320825,536.5384293408725,114.02169928465966,546.64884663401,huey,CMJ,double,both,2.620244026184082
184,1701144867.341056,-816181,-966273,-816181,-966273,111.80145696118069,536.0044437441026,115.77545156647714,555.0567783536022,huey,CMJ,double,both,2.6347060203552246
185,1701144867.3552089,-815997,-993372,-815997,-993372,111.7789360972526,535.8964730300303,119.14100167517849,571.1920762552542,huey,CMJ,double,both,2.6488587856292725
186,1701144867.3696718,-814967,-1008622,-814967,-1008622,111.65286821765518,535.2920717501697,121.03496968719722,580.2722376265295,huey,CMJ,double,both,2.6633217334747314
187,1701144867.38376,-817900,-1023999,-817900,-1023999,112.01185568450882,537.0131484043748,122.94471041643078,589.428017390864,huey,CMJ,double,both,2.6774098873138428
188,1701144867.398517,-824282,-1041545,-824282,-1041545,112.7929869540144,540.7580891500739,125.1238292845541,599.875264041382,huey,CMJ,double,both,2.692166805267334
189,1701144867.412408,-833760,-1083825,-833760,-1083825,113.95305623830991,546.3197545195095,130.3747779762362,625.049639305482,huey,CMJ,double,both,2.7060580253601074
190,1701144867.42652,-855129,-1102647,-855129,-1102647,116.56853635395781,558.8590272858597,132.7123691842504,636.2566424090982,huey,CMJ,double,both,2.720170021057129
191,1701144867.4409978,-865926,-1121948,-865926,-1121948,117.8900459617378,565.1946783719322,135.10944961703555,647.748851892835,huey,CMJ,double,both,2.734647750854492
192,1701144867.454958,-877487,-1160418,-877487,-1160418,119.30506611321915,571.978642640348,139.88721679227228,670.6546753651604,huey,CMJ,double,both,2.748607873916626
193,1701144867.469341,-890953,-1185601,-890953,-1185601,120.95325064395595,579.8804558778262,143.01481000188986,685.6491477463296,huey,CMJ,double,both,2.762990951538086
194,1701144867.483423,-915865,-1212143,-915865,-1212143,124.00237978621907,594.498751687425,146.31118370516862,701.4527964752733,huey,CMJ,double,both,2.7770729064941406
195,1701144867.4981,-928053,-1238418,-928053,-1238418,125.49414222945538,601.650637899989,149.57439744390908,717.0974679526674,huey,CMJ,double,both,2.791749954223633
196,1701144867.512057,-938762,-1293812,-938762,-1293812,126.80488098926975,607.9346508184617,156.4540344313035,750.0801865756464,huey,CMJ,double,both,2.8057069778442383
197,1701144867.52605,-959117,-1319836,-959117,-1319836,129.29625156131397,619.8789110626967,159.68607531948552,765.5754075281757,huey,CMJ,double,both,2.819700002670288
198,1701144867.5406988,-968253,-1347510,-968253,-1347510,130.41446141374317,625.2398917353242,163.12303733683675,782.053072170056,huey,CMJ,double,both,2.834348678588867
199,1701144867.554654,-982016,-1404210,-982016,-1404210,132.09899755636388,633.3159837884516,170.16487250283424,815.8134098586668,huey,CMJ,double,both,2.84830379486084
200,1701144867.569057,-999640,-1437718,-999640,-1437718,134.25610465347552,643.6577004450176,174.3263859550784,835.7647572179255,huey,CMJ,double,both,2.8627068996429443
201,1701144867.583698,-1048992,-1473053,-1048992,-1473053,140.29659202618623,672.6173237107257,178.7148029848936,856.803937680484,huey,CMJ,double,both,2.877347946166992
202,1701144867.598,-1090963,-1506516,-1090963,-1506516,145.4336745257818,697.2457956690058,182.87072767906952,876.7284911209423,huey,CMJ,double,both,2.8916499614715576
203,1701144867.6124969,-1141268,-1564201,-1141268,-1564201,151.59080528612003,726.7646368179247,190.03489454944986,911.0753179210748,huey,CMJ,double,both,2.906146764755249
204,1701144867.626938,-1200395,-1589523,-1200395,-1589523,158.82771355501018,761.4602042687176,193.17975081176712,926.1525537403164,huey,CMJ,double,both,2.9205880165100098
205,1701144867.641403,-1323416,-1611798,-1323416,-1611798,173.88499182292728,833.6486021810755,195.94618605555186,939.4155435465565,huey,CMJ,double,both,2.9350528717041016
206,1701144867.655776,-1364625,-1643058,-1364625,-1643058,178.92880857082068,857.8299345517305,199.82850999363092,958.0283858066266,huey,CMJ,double,both,2.9494259357452393
207,1701144867.670363,-1388793,-1653579,-1388793,-1653579,181.8868750893746,872.011653126168,201.1351616299882,964.2928040221799,huey,CMJ,double,both,2.964012861251831
208,1701144867.6847281,-1391699,-1661333,-1391699,-1661333,182.2425578642388,873.7168862516776,202.0981667424599,968.9096939417124,huey,CMJ,double,both,2.9783780574798584
209,1701144867.69937,-1378943,-1664963,-1378943,-1664963,180.68127449322446,866.2316991391516,202.54899322663223,971.0710700582848,huey,CMJ,double,both,2.9930198192596436
210,1701144867.7138062,-1359041,-1657725,-1359041,-1657725,178.2453493090032,854.5532580985835,201.65007254000983,966.7614170743312,huey,CMJ,double,both,3.007456064224243
211,1701144867.7283032,-1331110,-1647980,-1331110,-1647980,174.82670664392006,838.1634210618981,200.43979593167393,960.9590451029818,huey,CMJ,double,both,3.0219531059265137
212,1701144867.742938,-1220456,-1632185,-1220456,-1632185,161.2830997031693,773.2319460893808,198.47814184971747,951.5543796040116,huey,CMJ,double,both,3.036587953567505
213,1701144867.75708,-1115693,-1559338,-1115693,-1559338,148.46052759611607,711.7572943592506,189.43093609420742,908.1797884293691,huey,CMJ,double,both,3.050729990005493
214,1701144867.771627,-969757,-1487435,-969757,-1487435,130.59854499715533,626.1224349633926,180.50097006350694,865.367274129119,huey,CMJ,double,both,3.065276861190796
215,1701144867.7855418,-554116,-1384763,-554116,-1251447,79.72574932360911,382.22539383472065,151.19252919660363,724.8552005760345,huey,CMJ,double,both,3.0791916847229004
216,1701144867.798409,-315061,-101,-315061,-1015459,50.46637363704405,241.94855115795238,121.88408832970029,584.3431270229498,huey,CMJ,double,both,3.0920588970184326
217,1701144867.813031,-106310,-824283,-106310,-779471,24.916086322634634,119.45401565098513,92.57564746279698,443.8310534698653,huey,CMJ,double,both,3.1066808700561523
218,1701144867.827014,18974,-543483,18974,-543483,9.581825907602036,45.93769531501123,63.26720659589367,303.31897991678085,huey,CMJ,double,both,3.12066388130188
219,1701144867.841654,71549,-270966,71549,-270966,3.146856228151039,15.08682416096261,29.422060318430876,141.05679392229837,huey,CMJ,double,both,3.1353039741516113
220,1701144867.8555021,105153,-46321,105153,-46321,-0.9661389427147967,-4.631914293828637,1.5223590685982793,7.298574168189385,huey,CMJ,double,both,3.1491520404815674
221,1701144867.869646,92532,-48691,92532,-48691,0.5786209683522701,2.7740551752202958,1.8167003268595505,8.709720558348252,huey,CMJ,double,both,3.1632959842681885
222,1701144867.883305,92883,-42342,92883,-42342,0.5356599724894588,2.568089302180428,1.028188660741065,4.929396325808742,huey,CMJ,double,both,3.176954984664917
223,1701144867.8974452,98318,-42130,98318,-42130,-0.1295622853862648,-0.6211543444625441,1.0018594005084112,4.80316719723757,huey,CMJ,double,both,3.1910951137542725
224,1701144867.9115038,95981,-41621,95981,-41621,0.15647716570031592,0.7501910837259795,0.9386443370252944,4.500098204583197,huey,CMJ,double,both,3.205153703689575
225,1701144867.925272,95254,-44050,95254,-44050,0.24545905741616708,1.1767927637829143,1.2403130780871625,5.946374399391587,huey,CMJ,double,both,3.2189218997955322
226,1701144867.9395342,94835,-42671,94835,-42671,0.2967429812524004,1.4226608572407624,1.069048691951174,5.125289643261175,huey,CMJ,double,both,3.2331840991973877
227,1701144867.953297,96310,-42038,96310,-42038,0.11620888182890596,0.5571347525860461,0.9904334951244294,4.748388518801023,huey,CMJ,double,both,3.2469468116760254
228,1701144867.967427,95581,-42293,95581,-42293,0.20543556554397543,0.9849100273611568,1.0221031241778573,4.900220725337103,huey,CMJ,double,both,3.2610769271850586
229,1701144867.981202,95167,-42635,95167,-42635,0.25610750938216303,1.2278441340235653,1.0645776854965723,5.103854508220787,huey,CMJ,double,both,3.2748517990112305
230,1701144867.995151,95549,-42073,95549,-42073,0.20935223753146817,1.003687542851971,0.9947803069552921,4.769228233423622,huey,CMJ,double,both,3.2888009548187256
231,1701144868.009204,95990,-42138,95990,-42138,0.15537560170383358,0.744909907494188,1.0028529574983227,4.807930560579878,huey,CMJ,double,both,3.30285382270813
232,1701144868.023168,95744,-42245,95744,-42245,0.18548501760768418,0.889262057829822,1.0161417822383885,4.8716405452832525,huey,CMJ,double,both,3.3168179988861084
233,1701144868.0373309,96027,-42019,96027,-42019,0.15084694971829507,0.7231984052079341,0.9880737972733897,4.737075530863041,huey,CMJ,double,both,3.3309807777404785
234,1701144868.0511072,95880,-42084,95880,-42084,0.16883916166083993,0.8094576169938617,0.9961464478164204,4.775777858019296,huey,CMJ,double,both,3.344757080078125
235,1701144868.065303,95353,-42569,95353,-42569,0.23334185345486136,1.1186998252332079,1.0563808403298027,5.0645567606467425,huey,CMJ,double,both,3.3589529991149902
236,1701144868.079222,96123,-42194,96123,-42194,0.13909693375581678,0.6668658587354914,1.0098078564277029,4.841274103976036,huey,CMJ,double,both,3.3728718757629395
237,1701144868.093239,95455,-42360,95455,-42360,0.22085746149472818,1.0588464946062377,1.0304241639683658,4.940113893328936,huey,CMJ,double,both,3.3868889808654785
238,1701144868.107141,95657,-42319,95657,-42319,0.1961334695736801,0.940313428070473,1.0253321843950696,4.915701656199605,huey,CMJ,double,both,3.4007909297943115
239,1701144868.121123,95769,-42326,95769,-42326,0.18242511761745545,0.8745921238526234,1.0262015467612422,4.919869599124126,huey,CMJ,double,both,3.4147729873657227
240,1701144868.135187,92585,-71343,92585,-71343,0.5721339803729852,2.742954915188635,4.62995694379386,22.1971838620945,huey,CMJ,double,both,3.4288368225097656
241,1701144868.14951,19429,-259064,19429,-259064,9.526135727779874,45.67070251662622,27.9438959066901,133.97010010977905,huey,CMJ,double,both,3.443159818649292
242,1701144868.164078,-158131,-614844,-158131,-614844,31.258769418380332,149.86244159628143,72.12985914052767,345.80877635058965,huey,CMJ,double,both,3.4577279090881348
243,1701144868.1782331,-362308,-908464,-362308,-908464,56.2492174305775,269.67296598278045,108.59588456275317,520.6361194216639,huey,CMJ,double,both,3.4718830585479736
244,1701144868.19304,-772866,-1526320,-772866,-1526320,106.49987423811041,510.58731613520825,185.33027800759535,888.5201970748268,huey,CMJ,double,both,3.486689805984497
245,1701144868.2068899,-875201,-1720016,-875201,-1720016,119.02526885811265,570.6372238774729,209.3862798473317,1003.8507503187979,huey,CMJ,double,both,3.500539779663086
246,1701144868.2209642,-999176,-1876688,-999176,-1876688,134.19931290965687,643.3854264704007,228.84409993775782,1097.1364580145657,huey,CMJ,double,both,3.5146141052246094
247,1701144868.235851,-1130231,-2012632,-1130231,-2012632,150.23992063843386,720.2881543656711,245.72761386732333,1178.0802912904126,huey,CMJ,double,both,3.529500961303711
248,1701144868.249985,-1258237,-1985474,-1258237,-1985474,165.90734296440257,795.4017371130825,242.35473627582138,1161.909863584111,huey,CMJ,double,both,3.5436348915100098
249,1701144868.264629,-1217656,-1949256,-1217656,-1949256,160.9403909042637,771.5889134839346,237.8566553932447,1140.3449268926452,huey,CMJ,double,both,3.558278799057007
250,1701144868.278934,-1132209,-2001157,-1132209,-2001157,150.48201992566075,721.448839541947,244.30248055991905,1171.2478419962888,huey,CMJ,double,both,3.5725839138031006
251,1701144868.29343,-1048416,-2025542,-1048416,-2025542,140.22609193041134,672.279328431891,247.33096645979293,1185.7671688840626,huey,CMJ,double,both,3.5870800018310547
252,1701144868.307646,-866678,-1829081,-866678,-1829081,117.98208775344388,565.6359499859665,222.93156648541844,1068.7902781849061,huey,CMJ,double,both,3.6012959480285645
253,1701144868.321785,-788026,-1691868,-788026,-1691868,108.3553975921851,519.4831640989814,205.89044957832823,987.0908563988858,huey,CMJ,double,both,3.6154348850250244
254,1701144868.336211,-732535,-1624222,-732535,-1624222,101.56352117787382,486.9211918458324,197.48918006088437,946.8130468171614,huey,CMJ,double,both,3.6298608779907227
255,1701144868.3502562,-737926,-1593535,-737926,-1593535,102.22335801176675,490.0846164086755,193.67801964220772,928.5413804564841,huey,CMJ,double,both,3.6439061164855957
256,1701144868.364816,-783051,-1552785,-783051,-1552785,107.74647749412959,516.563847237519,188.6170887248462,904.2779984316007,huey,CMJ,double,both,3.65846586227417
257,1701144868.378761,-789861,-1515766,-789861,-1515766,108.5799942514679,520.5599372529078,184.01952794865466,882.2361299854864,huey,CMJ,double,both,3.6724109649658203
258,1701144868.392993,-750490,-1495227,-750490,-1495227,103.7611413508561,497.4571384282564,181.46869457168071,870.0067900245274,huey,CMJ,double,both,3.68664288520813
259,1701144868.407179,-690408,-1493448,-690408,-1493448,96.40734490233922,462.20117949953465,181.24775233604913,868.9475371012815,huey,CMJ,double,both,3.700829029083252
260,1701144868.4214778,-705966,-1486899,-705966,-1486899,98.31158186425836,471.3305728122249,180.43440174518287,865.0481287851843,huey,CMJ,double,both,3.71512770652771
261,1701144868.435702,-722826,-1451373,-722826,-1451373,100.37517841766861,481.2239762864476,176.02226354223353,843.8952230228282,huey,CMJ,double,both,3.7293519973754883
262,1701144868.4498858,-724743,-1419416,-724743,-1419416,100.60981154891934,482.34886682381915,172.05337595140847,824.8673727315596,huey,CMJ,double,both,3.7435357570648193
263,1701144868.4643881,-720154,-1385389,-720154,-1385389,100.04813630671295,479.65605374296456,167.82740548944378,804.6070021754684,huey,CMJ,double,both,3.75803804397583
264,1701144868.4783502,-734932,-1355875,-734932,-1355875,101.85690438893695,488.3277451155662,164.16192536441292,787.0337639648573,huey,CMJ,double,both,3.7720000743865967
265,1701144868.492655,-748571,-1305854,-748571,-1305854,103.52626342760614,496.3310742961667,157.94958609036775,757.2502392466561,huey,CMJ,double,both,3.7863049507141113
266,1701144868.506886,-752305,-1284755,-752305,-1284755,103.9832900901467,498.5221756350011,155.3292037241,744.6874638517355,huey,CMJ,double,both,3.8005359172821045
267,1701144868.5211442,-750303,-1264390,-750303,-1256269,103.73825329892918,497.34740732210696,151.79139567227276,727.7263178306108,huey,CMJ,double,both,3.8147940635681152
268,1701144868.534218,-753118,-101,-753118,-1227784,104.08279803782894,498.99924188793955,148.25371181506927,710.765767229904,huey,CMJ,double,both,3.8278679847717285
269,1701144868.548573,-751477,-1194421,-751477,-1199299,103.88194620247032,498.0363074216762,144.71602795786575,693.805216629197,huey,CMJ,double,both,3.8422229290008545
270,1701144868.562933,-748539,-1170814,-748539,-1170814,103.52234675561864,496.31229678067587,141.17834410066223,676.8446660284901,huey,CMJ,double,both,3.8565828800201416
271,1701144868.57692,-751233,-1146468,-751233,-1146468,103.85208157856569,497.89312886605876,138.15470179111418,662.3485605370101,huey,CMJ,double,both,3.870569944381714
272,1701144868.591393,-753113,-1097508,-753113,-1097508,104.0821860578309,498.9963079011441,132.074133012856,633.1967768820826,huey,CMJ,double,both,3.885042905807495
273,1701144868.6056042,-755529,-1074030,-755529,-1074030,104.3778947928866,500.4140103207006,129.15829163671333,619.217496313243,huey,CMJ,double,both,3.899254083633423
274,1701144868.6203551,-758229,-1050975,-758229,-1050975,104.70836399183129,501.998363190238,126.29498458641224,605.490078581128,huey,CMJ,double,both,3.9140050411224365
275,1701144868.634054,-763334,-1029455,-763334,-1029455,105.333195569836,504.99396370838195,123.6223162835504,592.6766311903184,huey,CMJ,double,both,3.927703857421875
276,1701144868.648134,-767660,-995442,-767660,-995442,105.86268066414517,507.5324490837964,119.39808454631807,572.4245965200764,huey,CMJ,double,both,3.941783905029297
277,1701144868.662831,-774437,-983052,-774437,-983052,106.69215835349638,511.50917478633545,117.85931315819269,565.0473375436762,huey,CMJ,double,both,3.9564809799194336
278,1701144868.6768918,-784381,-972072,-784381,-972072,107.90926417360976,517.3442877251059,116.49565618953922,558.509621356358,huey,CMJ,double,both,3.9705417156219482
279,1701144868.69133,-805203,-962509,-805203,-962509,110.45779367747144,529.562582336035,115.3079830027238,552.8156159010462,huey,CMJ,double,both,3.9849798679351807
280,1701144868.705531,-812996,-946638,-812996,-946638,111.41162570242555,534.1354941554075,113.33689012936318,543.365698450324,huey,CMJ,double,both,3.999180793762207
281,1701144868.719904,-821614,-941147,-821614,-941147,112.4664344270572,539.1925137960274,112.6549374504127,540.096244936247,huey,CMJ,double,both,4.013553857803345
282,1701144868.7342038,-838991,-938123,-838991,-938123,114.59330971226537,549.3892915048986,112.27937290822618,538.2956935928545,huey,CMJ,double,both,4.027853727340698
283,1701144868.748485,-844962,-934914,-844962,-934914,115.3241362259316,552.8930585360126,111.88083236064794,536.384989472171,huey,CMJ,double,both,4.042135000228882
284,1701144868.762902,-850179,-932977,-850179,-932977,115.96267615589252,555.9543803583745,111.64026737446562,535.2316601229146,huey,CMJ,double,both,4.056551933288574
285,1701144868.777142,-853607,-930927,-853607,-930927,116.3822496425527,557.9659217053279,111.38566839580082,534.0110482664481,huey,CMJ,double,both,4.070791959762573
286,1701144868.791536,-857135,-927694,-857135,-927694,116.81406272917377,560.0361427881902,110.98414717725285,532.0860540557377,huey,CMJ,double,both,4.085186004638672
287,1701144868.805847,-857729,-916587,-857729,-916587,116.8867659529416,560.3847004194884,109.60471749138452,525.4727194753602,huey,CMJ,double,both,4.099496841430664
288,1701144868.82011,-857603,-910320,-857603,-910320,116.87134405699085,560.3107639522433,108.82638978441263,521.7412197170794,huey,CMJ,double,both,4.113759994506836
289,1701144868.834474,-855549,-904098,-855549,-904098,116.61994267379366,559.1054821766767,108.05365083550898,518.036513877599,huey,CMJ,double,both,4.128123998641968
290,1701144868.848802,-847870,-891198,-847870,-891198,115.680063792795,554.5994652562404,106.45154018927674,510.3555904881267,huey,CMJ,double,both,4.142452001571655
291,1701144868.863447,-842457,-884936,-842457,-884936,115.01753424691069,551.4231311514974,105.67383345542355,506.6270678319348,huey,CMJ,double,both,4.157096862792969
292,1701144868.87772,-834605,-879467,-834605,-879467,114.05648085797964,546.8155982879388,104.99461305819533,503.3707135670493,huey,CMJ,double,both,4.171370029449463
293,1701144868.8920362,-811538,-874251,-811538,-874251,111.2331723349954,533.2799436058572,104.34681390077304,500.2650006678642,huey,CMJ,double,both,4.185686111450195
294,1701144868.906199,-797778,-865059,-797778,-865059,109.54900338037352,525.2056119448071,103.20521691936477,494.7918961875518,huey,CMJ,double,both,4.199848890304565
295,1701144868.9206212,-782107,-859874,-782107,-859874,107.63093567049854,516.00991053054,102.56126779527841,491.7046413213182,huey,CMJ,double,both,4.214271068572998
296,1701144868.9348428,-765104,-855628,-765104,-855628,105.5498364891442,506.03259503396765,102.0339374228829,489.176486227388,huey,CMJ,double,both,4.228492736816406
297,1701144868.949151,-730118,-850682,-730118,-850682,101.26769004681852,485.50290262891684,101.41967081387014,486.23153684100583,huey,CMJ,double,both,4.242800951004028
298,1701144868.963706,-712792,-852266,-712792,-852266,99.14705695759041,475.3360515853592,101.61639509787261,487.1746827827829,huey,CMJ,double,both,4.2573559284210205
299,1701144868.977909,-695643,-856483,-695643,-856483,97.0480879602931,465.27306367436,102.14012382617969,489.6855706845972,huey,CMJ,double,both,4.271559000015259
300,1701144868.992269,-678960,-863688,-678960,-863688,95.00615549881368,455.4835233326959,103.0349460902187,493.9755747947637,huey,CMJ,double,both,4.285918951034546
301,1701144869.006552,-648752,-882155,-648752,-882155,91.30881714262051,437.75754870936726,105.32844820680558,504.97120365006487,huey,CMJ,double,both,4.300201892852783
302,1701144869.021044,-635022,-893788,-635022,-893788,89.6283200679869,429.7008209690898,106.77320426476058,511.8977293701991,huey,CMJ,double,both,4.314693927764893
303,1701144869.0353222,-621681,-906932,-621681,-906932,87.99543503720125,421.87235740149754,108.40561839918512,519.7239353416118,huey,CMJ,double,both,4.328972101211548
304,1701144869.049655,-595501,-935310,-595501,-935310,84.79110776743373,406.51000254057516,111.93001343164856,536.6207759576154,huey,CMJ,double,both,4.343304872512817
305,1701144869.064002,-584266,-949645,-584266,-949645,83.41598871182495,399.91733421122217,113.71034336294616,545.1561276466142,huey,CMJ,double,both,4.357651948928833
306,1701144869.078345,-574552,-964147,-574552,-964147,82.22703397162168,394.2171846650419,115.51141379640816,553.7909145453837,huey,CMJ,double,both,4.371994972229004
307,1701144869.0928361,-567536,-978039,-567536,-978039,81.36830363836388,390.10021439368086,117.23672550938943,562.0624949893023,huey,CMJ,double,both,4.386486053466797
308,1701144869.1069992,-560213,-1001744,-560213,-1001744,80.47199773322609,385.80309733307985,120.18075906512082,576.1769359929798,huey,CMJ,double,both,4.400649070739746
309,1701144869.121307,-559107,-1010332,-559107,-1010332,80.33662775765838,385.1540994539286,121.24734249379078,581.290406540948,huey,CMJ,double,both,4.41495680809021
310,1701144869.135346,-559607,-1016721,-559607,-1016721,80.39782575746294,385.44749813347255,122.04082194485883,585.094547590199,huey,CMJ,double,both,4.428995847702026
311,1701144869.149709,-560279,-1029421,-560279,-1029421,80.48007586920029,385.8418259587796,123.61809366634328,592.6563868961136,huey,CMJ,double,both,4.443358898162842
312,1701144869.1639411,-559160,-1036122,-559160,-1036122,80.34311474563765,385.18519971396023,124.45032184001786,596.6462991157147,huey,CMJ,double,both,4.4575910568237305
313,1701144869.1781068,-557741,-1043287,-557741,-1043287,80.16943482219227,384.35253426141446,125.34017631910733,600.9124864091697,huey,CMJ,double,both,4.47175669670105
314,1701144869.1926441,-556736,-1050984,-556736,-1050984,80.04642684258508,383.76280291553104,126.29610233802589,605.4954373648881,huey,CMJ,double,both,4.4862940311431885
315,1701144869.206697,-557142,-1066947,-557142,-1066947,80.0961196184264,384.00104264332083,128.27862111677047,615.0001334940467,huey,CMJ,double,both,4.500346899032593
316,1701144869.221059,-562573,-1074210,-562573,-1074210,80.76085229230368,387.1879391005274,129.18064666898636,619.3246719884451,huey,CMJ,double,both,4.514708995819092
317,1701144869.2351098,-564796,-1080713,-564796,-1080713,81.03293859943481,388.4923896297799,129.98828430716063,623.1966909653239,huey,CMJ,double,both,4.528759717941284
318,1701144869.2492669,-566934,-1092438,-566934,-1092438,81.29462124659918,389.7469623835099,131.44446627049962,630.1779953638948,huey,CMJ,double,both,4.542916774749756
319,1701144869.26349,-568888,-1098445,-568888,-1098445,81.53378302983545,390.89356442316773,132.19050337529941,633.7546858135506,huey,CMJ,double,both,4.557139873504639
320,1701144869.277761,-568935,-1104347,-568935,-1104347,81.53953564181708,390.92114389904486,132.92350004460658,637.2688571193386,huey,CMJ,double,both,4.571410894393921
321,1701144869.292,-567276,-1109853,-567276,-1109853,81.3364806784655,389.947647080318,133.60731564291314,640.5472419396823,huey,CMJ,double,both,4.5856499671936035
322,1701144869.3063,-564556,-1119843,-564556,-1119843,81.00356355952862,388.35155826359875,134.8480199340651,646.49549191339,huey,CMJ,double,both,4.599949836730957
323,1701144869.320742,-556405,-1124401,-556405,-1124401,80.00591376671446,383.568572989673,135.41409902906716,649.2094181776703,huey,CMJ,double,both,4.614391803741455
324,1701144869.3347259,-551712,-1127771,-551712,-1127771,79.43150934054871,380.8147329834732,135.83263491106734,651.2159849856176,huey,CMJ,double,both,4.628375768661499
325,1701144869.349043,-547794,-1129753,-547794,-1129753,78.95196181408006,378.51566093056664,136.0787886553179,652.3961082536745,huey,CMJ,double,both,4.642692804336548
326,1701144869.36325,-544974,-1132074,-544974,-1132074,78.60680509518227,376.8608923779387,136.367044377016,653.7780790433618,huey,CMJ,double,both,4.656899929046631
327,1701144869.3774788,-539710,-1133104,-539710,-1133104,77.9625125532397,373.7719910796997,136.4949648394671,654.391362073684,huey,CMJ,double,both,4.671128749847412
328,1701144869.391882,-537149,-1134639,-537149,-1134639,77.64905639824069,372.26920304307555,136.68560358690635,655.3053324149895,huey,CMJ,double,both,4.685531854629517
329,1701144869.40593,-534464,-1140088,-534464,-1140088,77.32042313929011,370.6936521339244,137.36234009165977,658.5497782715191,huey,CMJ,double,both,4.699579954147339
330,1701144869.420434,-531425,-1142202,-531425,-1142202,76.94846169647792,368.91037495965617,137.6248875262439,659.8084970347243,huey,CMJ,double,both,4.714083909988403
331,1701144869.434411,-524713,-1143166,-524713,-1143166,76.1269397471013,364.9717910854578,137.74461114352823,660.3824823174724,huey,CMJ,double,both,4.728060960769653
332,1701144869.44877,-521192,-1143442,-521192,-1143442,75.69598343247749,362.9056775841092,137.77888885968017,660.546818352782,huey,CMJ,double,both,4.742419958114624
333,1701144869.462846,-517907,-1142040,-517907,-1142040,75.29391257376145,360.97804825950533,137.6047679971982,659.7120389270425,huey,CMJ,double,both,4.756495952606201
334,1701144869.477094,-515225,-1141548,-515225,-1141548,74.9656465028097,359.40425774243147,137.54366424231864,659.4190920814906,huey,CMJ,double,both,4.7707438468933105
335,1701144869.491489,-511642,-1141586,-511642,-1141586,74.52710163621012,357.3017628048193,137.5483836380207,659.4417180573664,huey,CMJ,double,both,4.785138845443726
336,1701144869.505472,-510589,-1141866,-510589,-1141866,74.3982186486217,356.68386518569974,137.58315813266762,659.6084357743473,huey,CMJ,double,both,4.799121856689453
337,1701144869.5200598,-509919,-1141645,-509919,-1141645,74.31621332888356,356.29071095511085,137.55571112082131,659.476847862016,huey,CMJ,double,both,4.813709735870361
338,1701144869.5339808,-509622,-1141150,-509622,-1141150,74.27986171699965,356.1164321394617,137.49423478207052,659.1821147552106,huey,CMJ,double,both,4.8276307582855225
339,1701144869.548352,-508007,-1140914,-508007,-1140914,74.08219217763087,355.1687544045347,137.46492485086816,659.0415955366126,huey,CMJ,double,both,4.842001914978027
340,1701144869.562559,-507048,-1139916,-507048,-1139916,73.96481441400569,354.6060157371693,137.3409786163767,658.4473659596596,huey,CMJ,double,both,4.856208801269531
341,1701144869.57676,-505542,-1138865,-505542,-1138865,73.78048603859432,353.7222989143829,137.21045006682706,657.8215791005638,huey,CMJ,double,both,4.870409965515137
342,1701144869.591083,-504110,-1137586,-504110,-1137586,73.60521496715401,352.88200509616894,137.051605143065,657.0600363862123,huey,CMJ,double,both,4.884732961654663
343,1701144869.605487,-501718,-1136183,-501718,-1136183,73.31244373608894,351.47838581323066,136.87736008595925,656.2246615400549,huey,CMJ,double,both,4.899137020111084
344,1701144869.619617,-498982,-1132865,-498982,-1132865,72.9775682811583,349.872908238766,136.46528232439348,654.2490565938325,huey,CMJ,double,both,4.913266897201538
345,1701144869.6337159,-496256,-1131845,-496256,-1131845,72.64391678622376,348.27329863789225,136.33860380817976,653.6417277676882,huey,CMJ,double,both,4.927365779876709
346,1701144869.647989,-491383,-1131858,-491383,-1131858,72.04748108012838,345.4138351070567,136.34021833828837,653.6494682331194,huey,CMJ,double,both,4.941638946533203
347,1701144869.662088,-490436,-1133989,-490436,-1133989,71.93157206849851,344.8581380080004,136.60487708147605,654.9183091434269,huey,CMJ,double,both,4.955737829208374
348,1701144869.6766431,-490571,-1134478,-490571,-1134478,71.94809552844575,344.9373556514773,136.66560825248436,655.2094697277254,huey,CMJ,double,both,4.970293045043945
349,1701144869.690631,-491146,-1133661,-491146,-1133661,72.01847322822101,345.2747641329529,136.56414124488967,654.7230112463922,huey,CMJ,double,both,4.984280824661255
350,1701144869.7047591,-493568,-1132331,-493568,-1132331,72.31491633927436,346.69598733666385,136.3989623953169,653.9311020907335,huey,CMJ,double,both,4.998409032821655
351,1701144869.719161,-495076,-1128570,-495076,-1128570,72.49948950668497,347.5808777541685,135.93186641543477,651.6917258994307,huey,CMJ,double,both,5.012810945510864
352,1701144869.733332,-496736,-1126006,-496736,-1126006,72.70266686603615,348.5549613702545,135.61343140016814,650.1650679482209,huey,CMJ,double,both,5.026981830596924
353,1701144869.747575,-498746,-1123086,-498746,-1123086,72.94868282525054,349.7344240620212,135.25078309885046,648.4264403282783,huey,CMJ,double,both,5.041224956512451
354,1701144869.761771,-502574,-1119775,-502574,-1119775,73.41721471175437,351.9806843526099,134.83957469965085,646.4550033249805,huey,CMJ,double,both,5.055420875549316
355,1701144869.77599,-503676,-1118384,-503676,-1118384,73.55209510332364,352.6273350423248,134.66681997803,645.6267735238365,huey,CMJ,double,both,5.0696399211883545
356,1701144869.7902138,-504799,-1117516,-504799,-1117516,73.68954581088472,353.2863084765806,134.5590190446246,645.109948601196,huey,CMJ,double,both,5.083863735198975
357,1701144869.804566,-505874,-1116779,-505874,-1116779,73.82112151046455,353.9171156376001,134.467487606929,644.6711237532859,huey,CMJ,double,both,5.098215818405151
358,1701144869.8188028,-508146,-1117728,-508146,-1117728,74.09920522157654,355.2503192374479,134.58534830485723,645.2361777297672,huey,CMJ,double,both,5.112452745437622
359,1701144869.8330991,-509622,-1118916,-509622,-1118916,74.27986171699965,356.1164321394617,134.7328915178591,645.9435371861,huey,CMJ,double,both,5.126749038696289
360,1701144869.847336,-511121,-1120241,-511121,-1120241,74.46333332041375,356.99604138073454,134.89744939431318,646.7324692396699,huey,CMJ,double,both,5.14098596572876
361,1701144869.8614678,-512384,-1121763,-512384,-1121763,74.61791946792012,357.73716644526263,135.08647361164384,647.638699115544,huey,CMJ,double,both,5.155117750167847
362,1701144869.875773,-514530,-1125313,-514530,-1125313,74.88058128308134,358.99643357786533,135.52736452591705,649.7524415986934,huey,CMJ,double,both,5.16942286491394
363,1701144869.889958,-515095,-1127120,-515095,-1127120,74.94973502286051,359.32797408575,135.7517842110133,650.8283662936373,huey,CMJ,double,both,5.183607816696167
364,1701144869.9041438,-515726,-1128593,-515726,-1128593,75.02696689861389,359.69824321933453,135.93472289178075,651.7054205690398,huey,CMJ,double,both,5.19779372215271
365,1701144869.9185102,-516939,-1129751,-516939,-1129751,75.17543324613979,360.4100284159082,136.07854026607043,652.3949174128389,huey,CMJ,double,both,5.212160110473633
366,1701144869.9328241,-516792,-1129691,-516792,-1129691,75.15744103419723,360.32376920412224,136.0710885886461,652.3591921877716,huey,CMJ,double,both,5.226474046707153
367,1701144869.9470239,-516171,-1129275,-516171,-1129275,75.08143311843996,359.95936804412867,136.0194236251707,652.1114972939716,huey,CMJ,double,both,5.240673780441284
368,1701144869.961104,-515069,-1128560,-515069,-1128560,74.94655272687068,359.31271735441373,135.93062446919737,651.6857716952528,huey,CMJ,double,both,5.254753828048706
369,1701144869.975314,-511721,-1127035,-511721,-1127035,74.53677092017925,357.34811979618735,135.7412276679955,650.7777555581252,huey,CMJ,double,both,5.268963813781738
370,1701144869.989565,-509981,-1127311,-509981,-1127311,74.32380188085932,356.32709239137426,135.77550538414744,650.9420915934348,huey,CMJ,double,both,5.283214807510376
371,1701144870.003881,-509169,-1127826,-509169,-1127826,74.2244163291767,355.8506129357949,135.839465615373,651.2487331085961,huey,CMJ,double,both,5.297530889511108
372,1701144870.0180821,-509239,-1128606,-509239,-1128606,74.23298404914934,355.891688750931,135.93633742188936,651.7131610344711,huey,CMJ,double,both,5.311732053756714
373,1701144870.03231,-510112,-1128516,-510112,-1128516,74.33983575680813,356.4039628454148,135.92515990575285,651.65957319687,huey,CMJ,double,both,5.325959920883179
374,1701144870.0467122,-509341,-1128538,-509341,-1128538,74.24546844110947,355.951542081558,135.92789218747512,651.6726724460615,huey,CMJ,double,both,5.340362071990967
375,1701144870.060826,-508447,-1129155,-508447,-1129155,74.1360464174589,355.4269452425334,136.00452027032205,652.040046843837,huey,CMJ,double,both,5.354475975036621
376,1701144870.075099,-507385,-1131503,-507385,-1131503,74.00606186587397,354.80376644718194,136.29612924686106,653.4380939848045,huey,CMJ,double,both,5.368748903274536
377,1701144870.089364,-505605,-1132767,-505605,-1132767,73.78819698656969,353.7592671480054,136.45311125126705,654.1907053928892,huey,CMJ,double,both,5.383013963699341
378,1701144870.1037009,-504717,-1133902,-504717,-1133902,73.67950933891677,353.23819109313536,136.59407214921075,654.8665075670792,huey,CMJ,double,both,5.397350788116455
379,1701144870.117862,-503880,-1134327,-503880,-1134327,73.57706388724391,352.7470417035787,136.6468548642998,655.1195612446394,huey,CMJ,double,both,5.4115118980407715
380,1701144870.131959,-503214,-1135037,-503214,-1135037,73.49554815150422,352.3562346624262,136.73503304715445,655.5423097412693,huey,CMJ,double,both,5.42560887336731
381,1701144870.146314,-501707,-1135989,-501707,-1135989,73.31109738009323,351.47193104228063,136.8532663289539,656.109149979004,huey,CMJ,double,both,5.4399638175964355
382,1701144870.160461,-500449,-1138151,-500449,-1138151,73.15712321258492,350.733739964548,137.12177510547747,657.3964489222627,huey,CMJ,double,both,5.454110860824585
383,1701144870.1747031,-499370,-1142379,-499370,-1142379,73.02505792900665,350.1005856140921,137.64686997464568,659.9138864486728,huey,CMJ,double,both,5.468353033065796
384,1701144870.188905,-498065,-1142684,-498065,-1142684,72.8653311495167,349.3348150604823,137.68474933488605,660.0954896760983,huey,CMJ,double,both,5.482554912567139
385,1701144870.203261,-495147,-1142144,-495147,-1142144,72.50817962265721,347.6225403666637,137.61768423806703,659.7739626504924,huey,CMJ,double,both,5.496910810470581
386,1701144870.2174459,-493072,-1140748,-493072,-1140748,72.25420792346823,346.4049358465562,137.44430854332748,658.9427557472596,huey,CMJ,double,both,5.511095762252808
387,1701144870.2315829,-490864,-1140339,-490864,-1140339,71.98395755633123,345.1092872776901,137.39351294221825,658.6992287963841,huey,CMJ,double,both,5.525232791900635
388,1701144870.24594,-487073,-1141549,-487073,-1141549,71.51995432181295,342.88473848938764,137.54378843694238,659.4196875019084,huey,CMJ,double,both,5.539589881896973
389,1701144870.260087,-485232,-1143928,-485232,-1143928,71.2946232865325,341.80444455130674,137.8392474468173,660.8361926758273,huey,CMJ,double,both,5.553736925125122
390,1701144870.274357,-483756,-1149502,-483756,-1149502,71.1139667911094,340.938331649293,138.53150827953812,664.1550660845807,huey,CMJ,double,both,5.568006992340088
391,1701144870.288566,-482022,-1150551,-482022,-1150551,70.90173212778714,339.9208250286345,138.66178843984025,664.7796621028408,huey,CMJ,double,both,5.582216024398804
392,1701144870.302776,-479434,-1150727,-479434,-1150727,70.58497128079865,338.40219346331486,138.6836466936183,664.8844560963717,huey,CMJ,double,both,5.596426010131836
393,1701144870.317083,-479192,-1150168,-479192,-1150168,70.55535144889325,338.2601885024156,138.61422189894824,664.5516160828279,huey,CMJ,double,both,5.610732793807983
394,1701144870.331382,-479134,-1148542,-479134,-1148542,70.54825248091592,338.22615425558854,138.41228144074873,663.5834624835036,huey,CMJ,double,both,5.6250319480896
395,1701144870.345676,-479592,-1148317,-479592,-1148317,70.6043098487369,338.4949074460508,138.38433765040747,663.4494928895012,huey,CMJ,double,both,5.639325857162476
396,1701144870.3597262,-481154,-1148679,-481154,-1148679,70.79549240012639,339.4114849209461,138.42929610420097,663.6650350807407,huey,CMJ,double,both,5.65337610244751
397,1701144870.374079,-481839,-1148969,-481839,-1148969,70.87933365985866,339.81344111192135,138.46531254508525,663.8377070018994,huey,CMJ,double,both,5.667728900909424
398,1701144870.388085,-482231,-1149767,-482231,-1149767,70.92731289170545,340.04346567668387,138.5644198548289,664.3128524952946,huey,CMJ,double,both,5.681734800338745
399,1701144870.4025002,-482888,-1150657,-482888,-1150657,71.00772706344866,340.4289915416046,138.67495306995656,664.8427766671264,huey,CMJ,double,both,5.696150064468384
400,1701144870.416707,-484085,-1151220,-484085,-1151220,71.1542350749808,341.13138798043286,138.7448746431216,665.1779983623413,huey,CMJ,double,both,5.710356950759888
401,1701144870.430998,-484576,-1150765,-484576,-1150765,71.2143315107889,341.419505483745,138.68836608932037,664.9070820722475,huey,CMJ,double,both,5.7246479988098145
402,1701144870.44559,-484947,-1149983,-484947,-1149983,71.2597404266439,341.6372073039667,138.59124589355653,664.4414633055369,huey,CMJ,double,both,5.739239931106567
403,1701144870.4595342,-485251,-1148339,-485251,-1148339,71.29694881052508,341.81559370112944,138.38706993212972,663.4625921386926,huey,CMJ,double,both,5.753184080123901
404,1701144870.473742,-486289,-1146743,-486289,-1146743,71.42399585811937,342.4246893598627,138.18885531264237,662.512301151902,huey,CMJ,double,both,5.767391920089722
405,1701144870.487809,-486848,-1144925,-486848,-1144925,71.49241522190088,342.7527090835929,137.96306948668501,661.4298268323624,huey,CMJ,double,both,5.781458854675293
406,1701144870.5021088,-487462,-1144587,-487615,-1144587,71.5862929536011,343.20278265801335,137.92109170386124,661.2285747311498,huey,CMJ,double,both,5.7957587242126465
407,1701144870.51506,-101,-1144211,-488383,-1144211,71.68029308130093,343.65344302979287,137.87439452533542,661.0046966540615,huey,CMJ,double,both,5.8087098598480225
408,1701144870.529644,-489393,-1143548,-489150,-1143548,71.77417081300115,344.1035166042133,137.7920534897965,660.6099329170676,huey,CMJ,double,both,5.823293924331665
409,1701144870.5439181,-489918,-1140816,-489918,-1140816,71.86817094070098,344.5541769759929,137.45275377774172,658.9832443356693,huey,CMJ,double,both,5.837568044662476
410,1701144870.557892,-490358,-1139817,-490358,-1139817,71.922025180529,344.81236781399156,137.32868334862653,658.3884193382985,huey,CMJ,double,both,5.851541996002197
411,1701144870.572272,-490994,-1138978,-490994,-1138978,71.99986903628042,345.18557093437147,137.22448405930956,657.8888616077738,huey,CMJ,double,both,5.865921974182129
412,1701144870.5864341,-493285,-1138083,-493285,-1138083,72.28027827138497,346.52992368404193,137.11332987106323,657.3559603338532,huey,CMJ,double,both,5.880084037780762
413,1701144870.6006951,-494287,-1137991,-494287,-1137991,72.40291906299335,347.1178946378481,137.10190396567924,657.3011816554166,huey,CMJ,double,both,5.894345045089722
414,1701144870.615009,-495088,-1137654,-494909,-1137654,72.47904937475023,347.48288259520075,137.06005037747923,657.1005249746219,huey,CMJ,double,both,5.908658981323242
415,1701144870.62785,-101,-1136414,-495532,-1136414,72.55530208250674,347.8484573499126,136.90604904404296,656.3622036565641,huey,CMJ,double,both,5.921499967575073
416,1701144870.642383,-496252,-1133840,-496155,-1133840,72.63155479026324,348.2140321046244,136.58637208253893,654.8295915011763,huey,CMJ,double,both,5.936033010482788
417,1701144870.656571,-496778,-1132340,-496778,-1132340,72.70780749801973,348.57960685933614,136.40008014693055,653.9364608744936,huey,CMJ,double,both,5.950220823287964
418,1701144870.670913,-497119,-1130542,-497119,-1130542,72.74954453388645,348.7797047587851,136.17677821344793,652.8658949633096,huey,CMJ,double,both,5.964562892913818
419,1701144870.6849332,-497484,-1128822,-497484,-1128822,72.79421907374379,348.99388579485225,135.96316346061698,651.8417718447134,huey,CMJ,double,both,5.978583097457886
420,1701144870.699293,-499780,-1125559,-499780,-1125559,73.0752402888464,350.3411725313182,135.55791640335684,649.8989150214694,huey,CMJ,double,both,5.992942810058594
421,1701144870.7135282,-502127,-1123530,-502127,-1123530,73.36250369992908,351.7183859330976,135.30592551179055,648.6908069937764,huey,CMJ,double,both,6.007178068161011
422,1701144870.727808,-505196,-1120851,-505238,-1120851,73.74327765471314,353.5439125172202,134.97320811479395,647.0956756945209,huey,CMJ,double,both,6.02145791053772
423,1701144870.74073,-101,-1118178,-508349,-1118178,74.1240516094972,355.3694391013428,134.64123588553977,645.5041169177721,huey,CMJ,double,both,6.034379959106445
424,1701144870.755235,-513316,-1116289,-511460,-1116289,74.50482556428126,357.1949656854654,134.40663224129693,644.3793677485695,huey,CMJ,double,both,6.048884868621826
425,1701144870.769501,-514572,-1117044,-514572,-1117044,74.88572191506493,359.02107906694704,134.5003991822198,644.8289101639998,huey,CMJ,double,both,6.063150882720947
426,1701144870.78356,-514529,-1118939,-514529,-1118939,74.88045888708173,358.9958467805062,134.7357479942051,645.9572318557092,huey,CMJ,double,both,6.077209949493408
427,1701144870.7976818,-513458,-1121468,-513458,-1121468,74.74937277150033,358.367386808923,135.04983619764084,647.4630500922964,huey,CMJ,double,both,6.091331720352173
428,1701144870.812063,-509821,-1123510,-509821,-1123510,74.30421852092186,356.2332048139202,135.30344161931575,648.6788985854206,huey,CMJ,double,both,6.105712890625
429,1701144870.8263109,-507953,-1123343,-507953,-1123343,74.07558279365198,355.13706734714395,135.28270111715136,648.57946337565,huey,CMJ,double,both,6.119960784912109
430,1701144870.840527,-507605,-1122210,-507605,-1122210,74.032988985788,354.9328618661813,135.14198860845514,647.9048520422955,huey,CMJ,double,both,6.134176969528198
431,1701144870.853475,-101,-2236950,-507605,-2236950,74.032988985788,354.9328618661813,273.5867034751933,1311.6438085679047,huey,CMJ,double,both,6.147125005722046
432,1701144870.8665202,-513109,-101,-507605,-2236950,74.032988985788,354.9328618661813,273.5867034751933,1311.6438085679047,huey,CMJ,double,both,6.160170078277588
